season_id,season_label,order,title,is_rerun,broadcast_format,broadcast_start,animation_studio,op_title,op_artist,ed_title,ed_artist,detail_url
5806,2026夏アニメ,1,アズールレーン びそくぜんしんっ！にっ！！,False,TVアニメ,2026年7月5日（日）～ TOKYO MX・BS11にて,studio CANDY BOX,,,,,https://www.animatetimes.com/tag/details.php?id=22684
5806,2026夏アニメ,2,あはれ！名作くん（新シリーズ）,False,TVアニメ,2026年7月5日（日）～ テレ東系列6局にて,,,,,,https://www.animatetimes.com/tag/details.php?id=28604
5806,2026夏アニメ,3,いびってこない義母と義姉,False,TVアニメ,2026年7月8日（水）～ tvkテレビ神奈川・テレ玉ほか,,雨宿りの憧憬,Lia,クレール,AVAM,https://www.animatetimes.com/tag/details.php?id=26511
5806,2026夏アニメ,4,岩元先輩ノ推薦,False,TVアニメ,2026年7月4日（土）～ TOKYO MX・サンテレビほか,スタジオディーン,BUDDING,THE JET BOY BANGERZ,ココニイル,WOLF HOWL HARMONY,https://www.animatetimes.com/tag/details.php?id=27436
5806,2026夏アニメ,5,うしろの正面カムイさん,False,TVアニメ,2026年7月3日（金）～ TOKYO MXほか,ゼロジー,成仏Come true,ORCALAND,SAY-BYE!!,KOTOKO,https://www.animatetimes.com/tag/details.php?id=27661
5806,2026夏アニメ,6,うちの弟どもがすみません,False,TVアニメ,2026年7月3日（金）～ TOKYO MX・BS11ほか,,アイコトバ,DISH//,Clover,汐れいら,https://www.animatetimes.com/tag/details.php?id=27207
5806,2026夏アニメ,7,ウルトラマンテオ,False,特撮,2026年7月4日（土）～ テレ東系6局ネットにて,,,,,,https://www.animatetimes.com/tag/details.php?id=28241
5806,2026夏アニメ,8,乙女怪獣キャラメリゼ,False,TVアニメ,2026年7月2日（木）～ TBS・BS11にて,ライデンフィルム,乙女怪獣,METANICK,オトメノホンキ,HoneyWorks feat.ハコニワリリィ,https://www.animatetimes.com/tag/details.php?id=27295
5806,2026夏アニメ,9,乙女ゲー世界はモブに厳しい世界です2,False,TVアニメ,2026年7月8日（水）～ AT-X・TOKYO MXほか,ENGI,人生エンドロール,Ando,あしたはあしたのけせらせら！,名称非公開,https://www.animatetimes.com/tag/details.php?id=19243
5806,2026夏アニメ,10,同じゼミの染谷さんがセクシー女優だった話。,False,TVアニメ,2026年7月5日（日）～ TOKYO MXほか,,,,,,https://www.animatetimes.com/tag/details.php?id=27886
5806,2026夏アニメ,11,鬼の花嫁,False,TVアニメ,2026年7月4日（土）～ TOKYO MX・BS11ほか,,ヒトコト,ClariS,心星,山崎育三郎,https://www.animatetimes.com/tag/details.php?id=26164
5806,2026夏アニメ,12,骸骨騎士様、只今異世界へお出掛け中Ⅱ,False,TVアニメ,2026年7月6日（月）～ AT-X・TOKYO MXほか,オーラスタジオ,浪漫街道、お散歩中,PelleK,奇跡は起きない,DIALOGUE+,https://www.animatetimes.com/tag/details.php?id=25337
5806,2026夏アニメ,13,角醒ハンター オメガホーン,False,特撮,2026年7月26日（日）～ テレビ朝日系24局にて,,,,,,https://www.animatetimes.com/tag/details.php?id=28605
5806,2026夏アニメ,14,片田舎のおっさん、剣聖になるII,False,TVアニメ,2026年7月8日（水）～ テレビ朝日系全国24局ネット・BS朝日ほか,YAMATOWORKS,クレナイノハ,ユニコーン,未完成,BLUE ENCOUNT,https://www.animatetimes.com/tag/details.php?id=26271
5806,2026夏アニメ,15,株式会社マジルミエ 第2期,False,TVアニメ,2026年7月4日（土）～ 日本テレビ系にて,J.C.STAFF,ラテマジック,syudou×八木勇征(FANTASTICS),BooooM!!!,宝鐘マリン,https://www.animatetimes.com/tag/details.php?id=25382
5806,2026夏アニメ,16,帰還者の魔法は特別です,True,TVアニメ,2023年10月7日（土）〜2023年12月23日（土） TOKYO MXほか 【再放送】 2026年7月2日（木）〜 フジテレビほか,アルボアニメーション,GET BACK,FLOW,6を撫でる,ももすももす,https://www.animatetimes.com/tag/details.php?id=20416
5806,2026夏アニメ,17,きみが死ぬまで恋をしたい,False,TVアニメ,2026年7月7日（火）～ TOKYO MX ほか,ROLL2,Amore,ReoNa,エテルネル,sajou no hana,https://www.animatetimes.com/tag/details.php?id=25598
5806,2026夏アニメ,18,君のことが大大大大大好きな100人の彼女 第3期,False,TVアニメ,2026年7月5日（日）〜 TOKYO MXほか,バイブリーアニメーションスタジオ,大好き♡ずっと永遠に♡,恋太郎ファミリー,,,https://www.animatetimes.com/tag/details.php?id=26982
5806,2026夏アニメ,19,「きみを愛する気はない」と言った次期公爵様がなぜか溺愛してきます,False,TVアニメ,2026年7月4日（土）～ テレビ朝日系列・BS朝日にて,,いつかちゃんと。,りりあ。,最終回,sorato,https://www.animatetimes.com/tag/details.php?id=27779
5806,2026夏アニメ,20,ぐらんぶる Season 3,False,TVアニメ,2026年7月6日（月）～ TOKYO MX・BS11・MBSにて,ゼロジー,夏子,FUNKY MONKEY BΛBY'S,裸のマーメード,豆柴の大群,https://www.animatetimes.com/tag/details.php?id=26833
5806,2026夏アニメ,21,クレバテスII-魔獣の王と偽りの勇者伝承-,False,TVアニメ,2026年7月8日（水）～ TOKYO MX ほか,Lay-duce,Foreshadow,前島麻由,Awake Anew,MYTH & ROID,https://www.animatetimes.com/tag/details.php?id=26812
5806,2026夏アニメ,22,グロウアップショウ ～ひまわりのサーカス団～,False,TVアニメ,2026年7月4日（土）～ TOKYO MX・BS11ほか,,ユラリユレル,NOMELON NOLEMON,DAYS!,Aooo,https://www.animatetimes.com/tag/details.php?id=26410
5806,2026夏アニメ,23,攻殻機動隊 THE GHOST IN THE SHELL,False,TVアニメ,2026年7月7日（火）～ カンテレ・フジテレビ系全国ネット“火アニバル!!”枠にて,サイエンスSARU,GO GHOST,King Gnu,Blue,"MILLENNIUM PARADE feat. Saya Gray, Daniel Caesar",https://www.animatetimes.com/tag/details.php?id=24096
5806,2026夏アニメ,24,コードギアス 奪還のロゼ TV放送,False,劇場版アニメ,第1幕：2024年5月10日（金） 第2幕：2024年6月7日（金） 第3幕：2024年7月5日（金） 最終幕 ：2024年8月2日（金） 【TV放送】 2026年7月10日（金）～ MBS／TBS系アニメイズム枠にて,,Running In My Head,MIYAVI,ロゼ (Prod.TeddyLoid),満島ひかり,https://www.animatetimes.com/tag/details.php?id=11462
5806,2026夏アニメ,25,ここは俺に任せて先に行けと言ってから10年がたったら伝説になっていた。,False,TVアニメ,2026年7月6日（月）～ TOKYO MXほか,月虹,それでも曇天を越えてゆく,sajou no hana,在り来たりな日常と幸運な日々へ,名称非公開,https://www.animatetimes.com/tag/details.php?id=26900
5806,2026夏アニメ,26,これ描いて死ね,False,TVアニメ,2026年7月3日（金）～ 日本テレビ系にて,シンエイ動画,遺書,キタニタツヤ,コニファー,リーガルリリー,https://www.animatetimes.com/tag/details.php?id=26928
5806,2026夏アニメ,27,最強出涸らし皇子の暗躍帝位争い,False,TVアニメ,2026年7月6日（月）～ TOKYO MX・BSフジにて,MAHO FILM,Script,BUDDiiS,素敵なかんちがい,くらわん,https://www.animatetimes.com/tag/details.php?id=28078
5806,2026夏アニメ,28,才女のお世話 高嶺の花だらけな名門校で、学院一のお嬢様(生活能力皆無)を陰ながらお世話することになりました,False,TVアニメ,2026年7月4日（土）〜 MBSほか,ブレインズ・ベース,最最最高級のお世話して,angela,完璧じゃないわたし,前島亜美,https://www.animatetimes.com/tag/details.php?id=27572
5806,2026夏アニメ,29,サイボーグ009 ネメシス,False,配信,2026年7月19日（日）～ ABEMAプレミアム・dアニメストア・U-NEXTほか,アレクト,誰がために,杏子,クライマル,スキマスイッチ,https://www.animatetimes.com/tag/details.php?id=26463
5806,2026夏アニメ,30,さよならララ,False,TVアニメ,2026年7月5日（日）〜 TOKYO MX・BS朝日ほか,キネマシトラス,さよならララ,いきものがかり,Hearts Glow,Hana Hope,https://www.animatetimes.com/tag/details.php?id=24070
5806,2026夏アニメ,31,サンダー３,False,TVアニメ,2026年7月8日（水）～ フジテレビ「+Ultra」にて,UNEND,サンダーボルト,優里,しゅるれりら,音羽-otoha-,https://www.animatetimes.com/tag/details.php?id=27611
5806,2026夏アニメ,32,スーパーの裏でヤニ吸うふたり,False,TVアニメ,2026年7月9日（木）～ TBS系にて,,イチジク煙,ずっと真夜中でいいのに。,Fiction,imase,https://www.animatetimes.com/tag/details.php?id=26460
5806,2026夏アニメ,33,捨てられ聖女の異世界ごはん旅 隠れスキルでキャンピングカーを召喚しました,False,TVアニメ,2026年7月6日（月）～ TOKYO MX・ＢＳ日テレほか,EMTスクエアード,Butterfly,INUWASI,Holy Sweet Home,音感れもねゐど,https://www.animatetimes.com/tag/details.php?id=27962
5806,2026夏アニメ,34,青春ブタ野郎はサンタクロースの夢を見ない,True,TVアニメ,2025年7月5日（土）～2025年9月27日（土） TOKYO MX・BS11ほか 【再放送】 2026年7月5日（日）〜 TOKYO MXほか,,スノウドロップ,Conton Candy,水平線は僕の古傷,広川卯月、赤城郁実、姫路紗良、霧島透子,https://www.animatetimes.com/tag/details.php?id=23173
5806,2026夏アニメ,35,正反対な君と僕 第2期,False,TVアニメ,第1期：2026年1月11日（日）〜2026年3月29日（日） 第2期：2026年7月5日（日）～ MBS・TBS系全国28局ネットにて,ラパントラック,メガネを外して,乃紫,ピュア feat. 橋本絵莉子,PAS TASTA,https://www.animatetimes.com/tag/details.php?id=25223
5806,2026夏アニメ,36,世界最強の後衛 ～迷宮国の新人探索者～,False,TVアニメ,2026年7月5日（日）〜 TOKYO MX・サンテレビ ほか,MAHO FILM,license,Redhair Rosy,終わらない夜の守り方,インナージャーニー,https://www.animatetimes.com/tag/details.php?id=26740
5806,2026夏アニメ,37,対ありでした。～お嬢さまは格闘ゲームなんてしない～,False,TVアニメ,2026年7月7日（火）～ AT-X・TOKYO MXほか,ディオメディア,命短し対する乙女よ,花冷え。,NEW GAME,halca,https://www.animatetimes.com/tag/details.php?id=11593
5806,2026夏アニメ,38,地球大好き！きっくん,False,TVアニメ,2026年7月1日（水）～ TOKYO MX「5時に夢中！」にて,勝鬨スタジオ,,,,,https://www.animatetimes.com/tag/details.php?id=28276
5806,2026夏アニメ,39,追放された転生重騎士はゲーム知識で無双する,False,TVアニメ,2026年7月2日（木）～ MBS /TBS系28局”スーパーアニメイズムTURBO”枠にて,GoHands,Awake,SPYAIR,Lv.1 職業：⼈間,ReoNa,https://www.animatetimes.com/tag/details.php?id=24783
5806,2026夏アニメ,40,鉄鍋のジャン！,False,TVアニメ,2026年7月5日（日）～ テレ東系列6局ネットにて,TROYCA,火宴,原因は自分にある。,泣いた悪魔,えむにみに,https://www.animatetimes.com/tag/details.php?id=27260
5806,2026夏アニメ,41,手札が多めのビクトリア,False,TVアニメ,2026年7月7日（火）～ テレ東系列にて,スタジオディーン,一進,ハク。,縁のつき,KI_EN,https://www.animatetimes.com/tag/details.php?id=26780
5806,2026夏アニメ,42,転校先の清楚可憐な美少女が、昔男子と思って一緒に遊んだ幼馴染だった件,False,TVアニメ,2026年7月6日（月）～ TOKYO MX・BSフジほか,project No.9,夏に重ねて,DIALOGUE+,Tilt,harmoe,https://www.animatetimes.com/tag/details.php?id=23374
5806,2026夏アニメ,43,天は赤い河のほとり,False,TVアニメ,2026年7月7日（火）～ 日本テレビほか,タツノコプロ,暁の空,七海ひろき,Reunion,清水美依紗,https://www.animatetimes.com/tag/details.php?id=27687
5806,2026夏アニメ,44,天幕のジャードゥーガル,False,TVアニメ,2026年7月4日（土）〜 テレビ朝日系にて,サイエンスSARU,Stella,SEKAI NO OWARI,星,女王蜂,https://www.animatetimes.com/tag/details.php?id=25815
5806,2026夏アニメ,45,盗掘王,False,TVアニメ,2026年7月8日（水）～ フジテレビほか,STUDIO EEK,SHOW DOWN,QWER,To Be Continued,QWER,https://www.animatetimes.com/tag/details.php?id=27435
5806,2026夏アニメ,46,透明な夜に駆ける君と、目に見えない恋をした。,False,TVアニメ,2026年7月6日（月）～ AT-X・TOKYO MXほか,マカリア,ひとひら,秦基博,光,櫻井優衣,https://www.animatetimes.com/tag/details.php?id=27113
5806,2026夏アニメ,47,トミカとトム,False,TVアニメ,シーズン1：2025年7月20日（日）～2026年3月15日（日） シーズン2：2026年7月5日（日）～ テレ東系列「トミプラワールド のりのりタイムズ！！」にて,,,,,,https://www.animatetimes.com/tag/details.php?id=28504
5806,2026夏アニメ,48,逃げ上手の若君 第二期,False,TVアニメ,2026年7月17日（金）～ 全国フジテレビ系“ ノイタミナ ”にて,,鬼事,中島健人,"ロマンティックがほしいなら feat. 小坂菜緒,正源司陽子,藤嶌果歩（日向坂46）",ぼっちぼろまる,https://www.animatetimes.com/tag/details.php?id=25034
5806,2026夏アニメ,49,二十世紀電氣目録-ユーレカ・エヴリカ-,False,TVアニメ,2026年7月5日（日）〜 TOKYO MX・BS11ほか,京都アニメーション,ユーレカ・エヴリカ,五阿弥ルナ,Soarin’,Ginger Root,https://www.animatetimes.com/tag/details.php?id=27014
5806,2026夏アニメ,50,猫と竜,False,TVアニメ,2026年7月4日（土）～ TOKYO MXほか,OLM,猫日,suis from ヨルシカ,ただいまの場所,shallm,https://www.animatetimes.com/tag/details.php?id=25576
5806,2026夏アニメ,51,パーフェクトアディクション,False,,2026年7月8日（水）～ tvk（テレビ神奈川）にて,Imagica Infos,,,ADDICTED,久慈明仁（CV：阿座上洋平） 高槻冴（CV：斉藤壮馬）,https://www.animatetimes.com/tag/details.php?id=27780
5806,2026夏アニメ,52,パイの実 おしの森へようこそ！,False,配信,2026年6月4日（木）～ お口の恋人ロッテ【LOTTE】公式チャンネルにて,TOHO animation STUDIO,,,,,https://www.animatetimes.com/tag/details.php?id=28459
5806,2026夏アニメ,53,刃牙道 第2クール,False,配信,第1クール：2026年2月26日（木）〜 第2クール：2026年6月18日（木）～ Netflixにて 【TV放送】 第1クール：2026年7月5日（日）～ TOKYO MXほか,トムス・エンタテインメント,フルボコ,WANIMA,Mountain Top,Novel Core,https://www.animatetimes.com/tag/details.php?id=23828
5806,2026夏アニメ,54,花織さんは転生しても喧嘩がしたい,False,TVアニメ,2026年7月11日（土）～ ABCテレビ・テレビ朝日系・BS日テレにて,ライデンフィルム,ハイメンテナンスガール,オーイシマサヨシ,ベリーグッド・エンカウント,内田真礼,https://www.animatetimes.com/tag/details.php?id=26828
5806,2026夏アニメ,55,花ざかりの君たちへ 第2期,False,TVアニメ,2026年7月1日（水）～ TOKYO MX・BS11ほか,シグナル・エムディ（,FLASHBULB,Omoinotake,花束,Omoinotake,https://www.animatetimes.com/tag/details.php?id=27990
5806,2026夏アニメ,56,ばなにゃ あっとほーむぱーてぃー,False,配信,2026年7月10日（金）〜 dアニメストアほか,トムス・エンタテインメント,,,,,https://www.animatetimes.com/tag/details.php?id=28682
5806,2026夏アニメ,57,バンドリ！ ゆめ∞みた,False,TVアニメ,2026年7月2日（木）～ TOKYO MXほか,ニチカライン（,これはぼくたちの生存のあらすじ,夢限大みゅーたいぷ,,,https://www.animatetimes.com/tag/details.php?id=26737
5806,2026夏アニメ,58,パンの赤ちゃん,False,TVアニメ,2026年7月4日（土）～ カンテレ・フジテレビ系列「土曜はナニする！？」にて,,,,,,https://www.animatetimes.com/tag/details.php?id=25145
5806,2026夏アニメ,59,ヒロイン？聖女？いいえ、オールワークスメイドです（誇）！,False,TVアニメ,2026年7月1日（水）～ TOKYO MX・BSフジほか,EMTスクエアード,マデュアル↔ハート,メロディ・ウェーブ(CV：宮本侑芽) ルシアナ・ルトルバーグ(CV：大久保瑠美),ハンドメイド,仲村宗悟,https://www.animatetimes.com/tag/details.php?id=25936
5806,2026夏アニメ,60,ブチ切れ令嬢は報復を誓いました。 ～魔導書の力で祖国を叩き潰します～,False,TVアニメ,2026年7月6日（月）〜 テレ東・BS11ほか,スタジオコメット,Q.E.D.,小倉唯,グッバイ・ララバイ,大西亜玖璃,https://www.animatetimes.com/tag/details.php?id=27366
5806,2026夏アニメ,61,ふつつかな悪女ではございますが～雛宮蝶鼠とりかえ伝～,False,TVアニメ,2026年7月12日（日）〜 テレビ東京系列にて,動画工房,Sunny,milet,ホウキボシ,ロクデナシ,https://www.animatetimes.com/tag/details.php?id=25702
5806,2026夏アニメ,62,BLACK TORCH,False,TVアニメ,2026年7月4日（土）～ TOKYO MXほか,100studio,FREEZE ME UP,SiM,Groooovy,I Don't Like Mondays.,https://www.animatetimes.com/tag/details.php?id=25641
5806,2026夏アニメ,63,プラノサウルス ガチコセイブツ部,False,TVアニメ,2026年7月12日（日）～ テレ東系列6局ネット「アニもり！」内にて,SMDE,,,,,https://www.animatetimes.com/tag/details.php?id=27895
5806,2026夏アニメ,64,BLEACH 千年血戦篇-禍進譚-,False,TVアニメ,2026年7月25日（土）～ テレ東系列ほか,PIERROT FILMS（,I-BULL,jo0ji,螺旋,9Lana,https://www.animatetimes.com/tag/details.php?id=25417
5806,2026夏アニメ,65,文豪ストレイドッグス わん！２,False,TVアニメ,2026年7月2日（木）～ TOKYO MX1・サンテレビほか,ボンズ,,,僕ら～芥川龍之介Ver.～,芥川龍之介（CV.小野賢章）,https://www.animatetimes.com/tag/details.php?id=27057
5806,2026夏アニメ,66,BEYBLADE X 真・未来編,False,TVアニメ,2026年7月10日（金）～ テレ東系列6局ネットにて,オー・エル・エム（,,,,,https://www.animatetimes.com/tag/details.php?id=28670
5806,2026夏アニメ,67,ヘルモード ～やり込み好きのゲーマーは廃設定の異世界で無双する～ 2nd Season,False,TVアニメ,2026年7月3日（金）～ TOKYO MXほか,横浜アニメーションラボ,○✕△□,浪漫派マシュマロ,Firetail,チョーキューメイ,https://www.animatetimes.com/tag/details.php?id=28020
5806,2026夏アニメ,68,北斗の拳 拳王軍ザコたちの挽歌 第2クール,False,TVアニメ,第1クール：2026年1月5日（月）～2026年3月23日（月） 第2クール：2026年7月6日（月）～ AT-X・TOKYO MXにて,動楽,"Blacker Co., Ltd.",イツカ▶,Elegy of the Enemies,The Canbellz,https://www.animatetimes.com/tag/details.php?id=26775
5806,2026夏アニメ,69,炎の闘球女 ドッジ弾子,False,TVアニメ,2026年7月6日（月）～ TOKYO MX・BS11ほか,CUE,会心の一劇,ももいろクローバーZ,Welcome to あざとさワールド,i☆Ris,https://www.animatetimes.com/tag/details.php?id=26401
5806,2026夏アニメ,70,魔法少女リリカルなのは EXCEEDS Gun Blaze Vengeance,False,TVアニメ,2026年7月4日（土）～ TOKYO MX・BS11ほか,Seven Arcs,CRIMSON BULLET,水樹奈々,Ephemeral,青木陽菜,https://www.animatetimes.com/tag/details.php?id=25418
5806,2026夏アニメ,71,身代わり令嬢を救ったのは冷酷無慈悲な氷の王子の愛でした,False,TVアニメ,2026年7月7日（火）～ TVKにて,Imagica Infos,,,とけて煌る,neNna,https://www.animatetimes.com/tag/details.php?id=28112
5806,2026夏アニメ,72,無自覚聖女は今日も無意識に力を垂れ流す,False,TVアニメ,2026年6月30日（火）～ AT-Xほか,マジックバス,Windmaker,花耶,アンノウンミー,ウタヒメドリーム オールスターズ【夢咲いぶき（CV:山﨑玲奈） 桜木舞華（CV:鈴木杏奈） 真白清美（CV:其原有沙） HiREN（CV:花耶） 水月ひかり（CV:礒部花凜） 高木凛（CV:鷲見友美ジェナ） 萩原ひまわり（CV:倉知玲鳳） SAKURAKO（CV:竹内夢）】,https://www.animatetimes.com/tag/details.php?id=26462
5806,2026夏アニメ,73,無職転生Ⅲ ～異世界行ったら本気だす～,False,TVアニメ,2026年7月5日（日）～ TOKYO MX・BS11ほか,,決意の唄,大原ゆい子,祈り、終われば,中島美嘉,https://www.animatetimes.com/tag/details.php?id=24285
5806,2026夏アニメ,74,メビウス・ダスト,False,TVアニメ,2026年7月9日（木）～ TOKYO MXほか,動画工房,メビウス,家入レオ,ジレンマ,冨岡愛,https://www.animatetimes.com/tag/details.php?id=28016
5806,2026夏アニメ,75,ヤニねこ,False,TVアニメ,2026年7月2日（木）～ TOKYO MX・BS11にて,バイブリーアニメーションスタジオ,なんもねえ,忘れらんねえよ,煙とブルー,ネクライトーキー,https://www.animatetimes.com/tag/details.php?id=27571
5806,2026夏アニメ,76,闇芝居 十七期,False,TVアニメ,2026年7月12日（日）～ テレ東にて,,,,闇芝居のブルース,風輪（徳間ジャパンコミュニケーションズ）,https://www.animatetimes.com/tag/details.php?id=28592
5806,2026夏アニメ,77,幼女戦記Ⅱ,False,TVアニメ,2026年7月8日（水）～ AT-X・TOKYO MXほか,NUT,Why? RED induction,MYTH & ROID,Weiter! Weiter!,ターニャ・デグレチャフ（CV：悠木碧）,https://www.animatetimes.com/tag/details.php?id=14369
5806,2026夏アニメ,78,鎧真伝サムライトルーパー 第2クール,False,TVアニメ,第1クール：2026年1月6日（火）〜2026年3月24日（火） 第2クール：2026年7月7日（火）～ TOKYO MXほか,サンライズ,YOAKE,blank paper,POWER,ONE OR EIGHT,https://www.animatetimes.com/tag/details.php?id=26202
5806,2026夏アニメ,79,落第賢者の学院無双～二度目の転生、Sランクチート魔術師冒険録～,False,TVアニメ,2026年7月1日（水）～ TOKYO MXほか,EMTスクエアード,＋ENCOUNT,FLOW,憧憬,TrySail,https://www.animatetimes.com/tag/details.php?id=27769
5806,2026夏アニメ,80,ラブライブ！虹ヶ咲学園スクールアイドル同好会,True,TVアニメ,2020年10月3日（土）～2020年12月26日（土） TOKYO MXほか 【再放送】 2026年7月1日（水）〜 BS日テレにて,サンライズ,虹色Passions！,虹ヶ咲学園スクールアイドル同好会,"NEO SKY, NEO MAP!",虹ヶ咲学園スクールアイドル同好会,https://www.animatetimes.com/tag/details.php?id=9267
5806,2026夏アニメ,81,ラブル＆クルー,False,TVアニメ,2026年7月12日（日）～ テレ東系6局ネット「アニもり！」内にて,,,,,,https://www.animatetimes.com/tag/details.php?id=26683
5806,2026夏アニメ,82,領民0人スタートの辺境領主様,False,TVアニメ,2026年7月10日（金）～ TOKYO MXほか,animation studio42,Wonder,CROWN HEAD,星降る夜の約束,花耶,https://www.animatetimes.com/tag/details.php?id=26472
5806,2026夏アニメ,83,令和のダラさん,False,TVアニメ,2026年7月2日（木）～ AT-X・TOKYO MXほか,旭プロダクション,ダラダラ♡ダンシング,ダラさん（CV：田村睦心） 三⼗⽊⾕⽇向（CV：津田美波） 三⼗⽊⾕薫（CV：寺澤百花） ナレーション（CV：てらそままさき）,ひなたぼっこ,REIRIE,https://www.animatetimes.com/tag/details.php?id=27242
5806,2026夏アニメ,84,レッツゴー怪奇組,False,TVアニメ,2026年7月5日（日）〜 TBS系全国28局ネットにて,C-Station,気味が悪いんだからねっ,SWEET STEADY,呪わしてね？,雨穴,https://www.animatetimes.com/tag/details.php?id=28373
5806,2026夏アニメ,85,LV999の村人,False,TVアニメ,2026年7月1日（水）～ テレ東ほか,ブレインズ・ベース,Not a Hero,藍月なくる&棗いつき,HP,ゆきむら。,https://www.animatetimes.com/tag/details.php?id=26648
5806,2026夏アニメ,86,ワールド イズ ダンシング,False,TVアニメ,2026年7月2日（木）～ TOKYO MX・BS朝日ほか,サイピク,終宵,マカロニえんぴつ,名もない花,hockrockb,https://www.animatetimes.com/tag/details.php?id=27472
5806,2026夏アニメ,87,ONE PIECE HEROINES,False,TVアニメ,2026年7月5日（日） 全国フジテレビ系にて,,,,,,https://www.animatetimes.com/tag/details.php?id=26606
5947,2026秋アニメ,1,アオアシ Season2,False,TVアニメ,2026年10月4日（日）～ NHK Eテレにて,トムス・エンタテインメント,,,,,https://www.animatetimes.com/tag/details.php?id=25889
5947,2026秋アニメ,2,アオのハコ 第2期,False,TVアニメ,2026年10月4日（日）～ TBS系にて,エレクトリックサーカス,,,,,https://www.animatetimes.com/tag/details.php?id=25746
5947,2026秋アニメ,3,おじさんはカワイイものがお好き。,False,TVアニメ,2026年10月～,ライデンフィルム,,,,,https://www.animatetimes.com/tag/details.php?id=27078
5947,2026秋アニメ,4,カードファイト!! ヴァンガード Divinez 運命星戦編,False,TVアニメ,2026年11月7日（土）～2026年11月21日（土） テレビ愛知・テレ東系列6局ネットほか 【劇場先行】 2026年10月2日（金）,キネマシトラス,,,,,https://www.animatetimes.com/tag/details.php?id=28214
5947,2026秋アニメ,5,ガールズ＆パンツァー もっとらぶらぶ作戦です！,False,TVアニメ,2026年10月～ TOKYO MX・BS日テレほか,P.A.WORKS,,,,,https://www.animatetimes.com/tag/details.php?id=25683
5947,2026秋アニメ,6,貸した魔力は【リボ払い】で強制徴収,False,TVアニメ,2026年10月～ テレビ朝日系ほか,SynergySP,,,,,https://www.animatetimes.com/tag/details.php?id=27102
5947,2026秋アニメ,7,彼方から,False,TVアニメ,2026年10⽉4⽇（⽇）～ TOKYO MXほか,スタジオディーン,,,,,https://www.animatetimes.com/tag/details.php?id=27963
5947,2026秋アニメ,8,仮面ライダーマイス,False,特撮,2026年9月〜 テレビ朝日系列にて,,,,,,https://www.animatetimes.com/tag/details.php?id=28713
5947,2026秋アニメ,9,帰還者の魔法は特別です 第2期,False,TVアニメ,2026年10月〜 フジテレビ「＋Ultra」ほか,アルボアニメーション,Sorrow,FLOW,Everlasting,krage,https://www.animatetimes.com/tag/details.php?id=23327
5947,2026秋アニメ,10,傷だらけ聖女より報復をこめて Season2,False,TVアニメ,2026年10月1日（木）〜 テレビ神奈川・CBCテレビにて,Imagica Infos,,,,,https://www.animatetimes.com/tag/details.php?id=25118
5947,2026秋アニメ,11,恐怖コレクター,False,TVアニメ,2026年10月～ NHK総合にて,,,,,,https://www.animatetimes.com/tag/details.php?id=27214
5947,2026秋アニメ,12,凶乱令嬢ニア・リストン 病弱令嬢に転生した神殺しの武人の華麗なる無双録,False,TVアニメ,2026年10月～,KONAMI animation,,,,,https://www.animatetimes.com/tag/details.php?id=27537
5947,2026秋アニメ,13,薬屋のひとりごと 第3期,False,TVアニメ,第1クール：2026年10月～ 第2クール：2027年4月～ 日本テレビ系にて,,,,,,https://www.animatetimes.com/tag/details.php?id=26369
5947,2026秋アニメ,14,ケロロ軍曹☆,False,TVアニメ,2026年秋,,,,,,https://www.animatetimes.com/tag/details.php?id=27337
5947,2026秋アニメ,15,幻想水滸伝,False,TVアニメ,2026年10月～ TOKYO MX ほか,,悲しみさえ大人びて,amazarashi,,,https://www.animatetimes.com/tag/details.php?id=25616
5947,2026秋アニメ,16,氷の城壁 第2期,False,TVアニメ,2026年10月1日（木）～ TBS系28局にて,スタジオKAI,,,,,https://www.animatetimes.com/tag/details.php?id=25508
5947,2026秋アニメ,17,サイバーパンク：エッジランナーズ2,False,配信,2026年秋 Netflixにて,TRIGGER,,,,,https://www.animatetimes.com/tag/details.php?id=28680
5947,2026秋アニメ,18,PSYREN -サイレン-,False,TVアニメ,2026年10月～ TOKYO MX・BS11ほか,サテライト,,,,,https://www.animatetimes.com/tag/details.php?id=27257
5947,2026秋アニメ,19,佐々木とピーちゃん シーズン２,False,TVアニメ,2026年10月～,SILVER LINK.,,,,,https://www.animatetimes.com/tag/details.php?id=23804
5947,2026秋アニメ,20,塩対応の佐藤さんが俺にだけ甘い,False,TVアニメ,2026年10月～,,,,,,https://www.animatetimes.com/tag/details.php?id=27964
5947,2026秋アニメ,21,紫禁・御猫房〜紫禁城猫警備室〜,False,TVアニメ,2026年10月～,,,,,,https://www.animatetimes.com/tag/details.php?id=28779
5947,2026秋アニメ,22,ジャンケットバンク,False,TVアニメ,2026年10月～ テレ東系列にて,CUE,,,,,https://www.animatetimes.com/tag/details.php?id=27908
5947,2026秋アニメ,23,朱色の仮面,False,TVアニメ,2026年10月～ 読売テレビ・日本テレビ系全国ネットにて,,,,,,https://www.animatetimes.com/tag/details.php?id=26362
5947,2026秋アニメ,24,獣王武神ダンデヴァイン,False,TVアニメ,2026年10月～,ライデンフィルム,曲名未発表,西川貴教,,,https://www.animatetimes.com/tag/details.php?id=28479
5947,2026秋アニメ,25,しろたん,False,TVアニメ,2026年10月～ テレビ朝日にて,レスプリ,,,,,https://www.animatetimes.com/tag/details.php?id=27989
5947,2026秋アニメ,26,信者ゼロの女神サマと始める異世界攻略,False,TVアニメ,2026年10月～,HORNETS,,,,,https://www.animatetimes.com/tag/details.php?id=27418
5947,2026秋アニメ,27,新テニスの王子様 U-17 WORLD CUP 決勝メンバー決定戦,False,TVアニメ,2026年秋,,Walls And Bridges,青酢（越前リョーマ、⼿塚国光、⼤⽯秀⼀郎、不⼆周助）,金環蝕 phenomenal,跡部景吾＆忍足侑士,https://www.animatetimes.com/tag/details.php?id=26829
5947,2026秋アニメ,28,スティール・ボール・ラン ジョジョの奇妙な冒険 2nd & 3rd STAGE,False,配信,1st STAGE：2026年3月19日（木）～ 2nd&3rd STAGE：2026年9月25日（金）～ Netflixにて,david production,,,,,https://www.animatetimes.com/tag/details.php?id=25812
5947,2026秋アニメ,29,生徒会にも穴はある！,False,TVアニメ,2026年10月～,,,,,,https://www.animatetimes.com/tag/details.php?id=25874
5947,2026秋アニメ,30,世界最強の魔女、始めました,False,TVアニメ,2026年10月～,ブリッジ,,,,,https://www.animatetimes.com/tag/details.php?id=28288
5947,2026秋アニメ,31,#ゾンビさがしてます,False,TVアニメ,2026年10月〜 テレビ朝日系にて,,,,,,https://www.animatetimes.com/tag/details.php?id=26825
5947,2026秋アニメ,32,ダイヤのA actⅡ -Second Season- 第2クール,False,TVアニメ,第1クール：2026年4月5日（日）～2026年6月28日（日） 第2クール：2026年10月～ テレビ東京ほか,OLM,Let's Go Crazy,Baby Canta,NUMBER,SUPER★DRAGON,https://www.animatetimes.com/tag/details.php?id=24072
5947,2026秋アニメ,33,タヌキとキツネ,False,TVアニメ,2026年10月～,,,,,,https://www.animatetimes.com/tag/details.php?id=6380
5947,2026秋アニメ,34,TANK CHAIR-戦車椅子-,False,TVアニメ,2026年秋,ポリゴン・ピクチュアズ,,,,,https://www.animatetimes.com/tag/details.php?id=27965
5947,2026秋アニメ,35,探偵はもう、死んでいる。Season2,False,TVアニメ,2026年10月〜,ENGI,,,,,https://www.animatetimes.com/tag/details.php?id=16348
5947,2026秋アニメ,36,千歳くんはラムネ瓶のなか 第2クール,False,TVアニメ,第1クール：2025年10月7日（火）～ 2025年12月30日（火） AT-X・TOKYO MXほか 第2クール：2026年10月〜,feel.,ライアー,Kucci,陽炎,サイダーガール,https://www.animatetimes.com/tag/details.php?id=25058
5947,2026秋アニメ,37,超巡！超条先輩,False,TVアニメ,2026年10月～ カンテレ・フジテレビ系全国ネットにて,アルボアニメーション,,,,,https://www.animatetimes.com/tag/details.php?id=26933
5947,2026秋アニメ,38,追放されたチート付与魔術師は気ままなセカンドライフを謳歌する。,False,TVアニメ,2026年10月～ テレ東系列にて,P.A.WORKS,,,,,https://www.animatetimes.com/tag/details.php?id=27631
5947,2026秋アニメ,39,てつりょー！meet with 鉄道むすめ,False,TVアニメ,2026年10月～,イーストフィッシュスタジオ,,,わたし未来線,てつりょー会（橘めい・庄子真央・福嶋晴菜・月城日花）,https://www.animatetimes.com/tag/details.php?id=26895
5947,2026秋アニメ,40,テムパル～アイテムの力～,False,TVアニメ,2026年10月～,J.C.STAFF,,,,,https://www.animatetimes.com/tag/details.php?id=28478
5947,2026秋アニメ,41,デモンズ・クレスト,False,配信,2026年11月6日（金） Prime Videoにて,Production I.G,シンカ,Ado,,,https://www.animatetimes.com/tag/details.php?id=27189
5947,2026秋アニメ,42,転生貴族、鑑定スキルで成り上がる 第3期,False,TVアニメ,2026年秋 CBC/TBS系全国28局ネット「アガルアニメ」にて,studio MOTHER,,,,,https://www.animatetimes.com/tag/details.php?id=25385
5947,2026秋アニメ,43,転生ゴブリンだけど質問ある？,False,TVアニメ,2026年10月～,BAKKKA,,,,,https://www.animatetimes.com/tag/details.php?id=27909
5947,2026秋アニメ,44,転生した大聖女は、聖女であることをひた隠す,False,TVアニメ,2026年10月～,FelixFilm,Flare of Soul,花耶,STELLAR,ウタヒメドリーム オールスターズ,https://www.animatetimes.com/tag/details.php?id=25630
5947,2026秋アニメ,45,転生したら剣でした 第2期,False,TVアニメ,2026年10月～,C2C,,,,,https://www.animatetimes.com/tag/details.php?id=19149
5947,2026秋アニメ,46,とある暗部の少女共棲,False,TVアニメ,2026年10月9日（金）～ TOKYO MXほか,J.C.STAFF,Ghost Sequence,East Of Eden,原子崩し(メルトダウナー),岸田教団&THE明星ロケッツ,https://www.animatetimes.com/tag/details.php?id=25552
5947,2026秋アニメ,47,東京リベンジャーズ 三天戦争編,False,TVアニメ,2026年10月2日（金）～ MBS・TBS・CBC”アニメイズム”枠ほか,ライデンフィルム,IGNITE,JO1,,,https://www.animatetimes.com/tag/details.php?id=24207
5947,2026秋アニメ,48,桃源暗鬼 ～日光・華厳の滝編～,False,TVアニメ,2026年10月～ 日本テレビ系「FRIDAY ANIME NIGHT（フラアニ）」枠にて,,,,,,https://www.animatetimes.com/tag/details.php?id=27376
5947,2026秋アニメ,49,どうも、好きな人に惚れ薬を依頼された魔女です。,False,TVアニメ,2026年10月～,ディオメディア,,,,,https://www.animatetimes.com/tag/details.php?id=27581
5947,2026秋アニメ,50,ドラゴンボール超 ビルス,False,TVアニメ,2026年秋 フジテレビにて,,,,,,https://www.animatetimes.com/tag/details.php?id=27491
5947,2026秋アニメ,51,dreamland,False,TVアニメ,2026年10月～ ABCテレビ・テレビ朝日ほか,,,,,,https://www.animatetimes.com/tag/details.php?id=28811
5947,2026秋アニメ,52,鳴海の平日,False,配信,2026年秋,Production I.G,,,,,https://www.animatetimes.com/tag/details.php?id=28465
5947,2026秋アニメ,53,バーテックスフォース,False,TVアニメ,2026年10月〜,SMDE,,,,,https://www.animatetimes.com/tag/details.php?id=27988
5947,2026秋アニメ,54,Battle Spirits [Re] 絶界の空,False,TVアニメ,2026年秋,,,,,,https://www.animatetimes.com/tag/details.php?id=27954
5947,2026秋アニメ,55,パンどろぼう,False,TVアニメ,2026年10月〜 NHK Eテレにて,,,,,,https://www.animatetimes.com/tag/details.php?id=26163
5947,2026秋アニメ,56,百妖譜 京師篇,False,TVアニメ,2026年10月〜 フジテレビ「B8station」にて,,,,,,https://www.animatetimes.com/tag/details.php?id=27781
5947,2026秋アニメ,57,冰剣の魔術師が世界を統べるⅡ,False,TVアニメ,2026年10月〜,ゼロジー,,,,,https://www.animatetimes.com/tag/details.php?id=28403
5947,2026秋アニメ,58,ブラッククローバー 2nd Season,False,TVアニメ,2026年10月～ テレ東系列ほか,スタジオぴえろ,消えない理由,WANIMA,,,https://www.animatetimes.com/tag/details.php?id=26361
5947,2026秋アニメ,59,ホタルの嫁入り,False,TVアニメ,2026年10月～ 全国フジテレビ系“ ノイタミナ ”にて,david production,,,,,https://www.animatetimes.com/tag/details.php?id=27415
5947,2026秋アニメ,60,ポップパップポルターズ,False,TVアニメ,2026年10月～ テレビ朝日「PicoAniTime」にて,MOZU STUDIOS,,,,,https://www.animatetimes.com/tag/details.php?id=27823
5947,2026秋アニメ,61,ホテル・インヒューマンズ 第2期,False,TVアニメ,2026年10月～ テレ東系列ほか,ブリッジ,,,,,https://www.animatetimes.com/tag/details.php?id=26870
5947,2026秋アニメ,62,マジカル★エクスプローラー,False,TVアニメ,2026年秋,WHITE FOX,,,,,https://www.animatetimes.com/tag/details.php?id=23375
5947,2026秋アニメ,63,魔法騎士レイアース,False,TVアニメ,2026年10月7日（水）～ テレビ朝日系列にて,E&H production,,,,,https://www.animatetimes.com/tag/details.php?id=24301
5947,2026秋アニメ,64,魔法少女育成計画restart,False,TVアニメ,2026年秋,SynergySP,No tears here,茅原実里,,,https://www.animatetimes.com/tag/details.php?id=26693
5947,2026秋アニメ,65,魔法の姉妹ルルットリリィ 第2クール,False,TVアニメ,第1クール：2026年4月5日（日）～2026年6月21日（日） 第2クール：2026年10月～ TOKYO MX・ABCテレビほか,スタジオぴえろ,Bubee,ILLIT,Calling,ルルットリリィ（こんぺとリリィ（CV.橘めい）、ましゅールル（CV.小鹿なお））,https://www.animatetimes.com/tag/details.php?id=24293
5947,2026秋アニメ,66,マロニエ王国の七人の騎士,False,TVアニメ,2026年10月～ NHK Eテレにて,J.C.STAFF,,,,,https://www.animatetimes.com/tag/details.php?id=28456
5947,2026秋アニメ,67,目覚めたら最強装備と宇宙船持ちだったので、一戸建て目指して傭兵として自由に生きたい,False,TVアニメ,2026年10月〜 TOKYO MX・読売テレビ・中京テレビほか,studio A-CAT,UNSTOPPABLE,FLOW,MY WAY,ASTERISM,https://www.animatetimes.com/tag/details.php?id=25525
5947,2026秋アニメ,68,ゆるゆる図鑑,False,TVアニメ,2026年10月～ テレ東系列6局ネット「アニもり！」内にて,Imagica Infos,,,,,https://www.animatetimes.com/tag/details.php?id=28579
5947,2026秋アニメ,69,夜桜さんちの大作戦 第2期 第2クール,False,TVアニメ,第1クール：2026年4月12日（日）～2026年6月28日（日） 第2クール：2026年10月〜 MBS／TBS系全国28局ネットにて,SILVER LINK.,"What's ""KAZOKU""",櫻坂46,Shalala,ピラフ星人,https://www.animatetimes.com/tag/details.php?id=25032
5947,2026秋アニメ,70,弱気MAX令嬢なのに、辣腕婚約者様の賭けに乗ってしまった,False,TVアニメ,2026年10月～,寿門堂,,,,,https://www.animatetimes.com/tag/details.php?id=26947
5947,2026秋アニメ,71,ラブライブ！虹ヶ咲学園スクールアイドル同好会 第2期,True,TVアニメ,2022年4月2日（土）～2022年6月25日（土） TOKYO MXほか 【再放送】 2026年9月30日（水）〜 BS日テレにて,サンライズ,,,,,https://www.animatetimes.com/tag/details.php?id=14120
5947,2026秋アニメ,72,らんま1/2 第3期,False,TVアニメ,2026年10月～ 日本テレビ系にて,,,,,,https://www.animatetimes.com/tag/details.php?id=28013
5947,2026秋アニメ,73,LEGO® ONE PIECE,False,配信,2026年9月29日（火） Netflixにて,,,,,,https://www.animatetimes.com/tag/details.php?id=28168
